[
  {
    "id": 1,
    "name": "Madhav Sai",
    "age": 29,
    "gender": "Male",
    "dob": "2017-11-01T00:00:00"
  },
  {
    "id": 2,
    "name": "Suresh Dasari",
    "age": 32,
    "gender": "Male",
    "dob": "0001-01-01T00:00:00"
  },
  {
    "id": 3,
    "name": "Rohini Alavala",
    "age": 32,
    "gender": "Male",
    "dob": "2009-03-19T12:30:00+05:30"
  },
  {
    "id": 4,
    "name": "Praveen Kumar",
    "age": 25,
    "gender": "Male",
    "dob": "2009-03-19T12:30:00+05:30"
  },
  {
    "id": 5,
    "name": "Praveen Kumar",
    "age": 28,
    "gender": "Male",
    "dob": "2009-03-19T12:30:00+05:30"
  },
  {
    "id": 6,
    "name": "Sateesh Chandra",
    "age": 38,
    "gender": "Female",
    "dob": "2009-03-19T12:30:00+05:30"
  },
  {
    "id": 7,
    "name": "Siva Prasad",
    "age": 35,
    "gender": "Male",
    "dob": "2009-03-19T12:30:00+05:30"
  },
  {
    "id": 8,
    "name": "Sudheer Rayana",
    "age": 27,
    "gender": "Female",
    "dob": "2009-03-19T12:30:00+05:30"
  },
  {
    "id": 9,
    "name": "Honey Yemineni",
    "age": 38,
    "gender": "Female",
    "dob": "2009-03-19T12:30:00+05:30"
  },
  {
    "id": 10,
    "name": "Nanak Dasari",
    "age": 36,
    "gender": "Male",
    "dob": "2009-03-19T12:30:00+05:30"
  },
  {
    "id": 11,
    "name": "Mahesh Dasari",
    "age": 29,
    "gender": "Male",
    "dob": "0001-01-01T00:00:00"
  },
  {
    "id": 12,
    "name": "Gopi Krishna",
    "age": 21,
    "gender": "Male",
    "dob": "2009-03-19T12:30:00+05:30"
  },
  {
    "id": 13,
    "name": "Sudheer Uppala",
    "age": 31,
    "gender": "Male",
    "dob": "2009-03-19T12:30:00+05:30"
  },
  {
    "id": 14,
    "name": "Sushmita",
    "age": 26,
    "gender": "Female",
    "dob": "2009-03-19T12:30:00+05:30"
  },
  {
    "id": 15,
    "name": "p",
    "age": 32,
    "gender": "M",
    "dob": "2001-01-01T00:00:00"
  },
  {
    "id": 16,
    "name": "p",
    "age": 22,
    "gender": "M",
    "dob": "2017-09-01T00:00:00"
  },
  {
    "id": 17,
    "name": "k",
    "age": 9,
    "gender": "m",
    "dob": "2017-11-01T00:00:00"
  },
  {
    "id": 18,
    "name": "l",
    "age": 33,
    "gender": "m",
    "dob": "0001-01-01T00:00:00"
  },
  {
    "id": 19,
    "name": "o",
    "age": 7,
    "gender": "m",
    "dob": "0001-01-01T00:00:00"
  },
  {
    "id": 20,
    "name": "h",
    "age": 22,
    "gender": "m",
    "dob": "2017-01-02T00:00:00"
  },
  {
    "id": 21,
    "name": "hj",
    "age": 56,
    "gender": "m",
    "dob": "0001-01-01T00:00:00"
  },
  {
    "id": 22,
    "name": "rt",
    "age": 66,
    "gender": "m",
    "dob": "0001-01-01T00:00:00"
  },
  {
    "id": 23,
    "name": "kjjj",
    "age": 8,
    "gender": "m",
    "dob": "2017-11-01T00:00:00"
  }
]